ID,企业名称,产品线,行业,来源,已知应用名,发现时间
1,帮助中心,企业微信,,work.weixin.qq.com/正则提取,,2026-03-05 08:17:42
2,提供企业级信息,企业微信,,work.weixin.qq.com/正则提取,,2026-03-05 08:17:42
3,会议和邮件等信息,企业微信,,work.weixin.qq.com/正则提取,,2026-03-05 08:17:42
4,让机器人在公司,企业微信,,work.weixin.qq.com/正则提取,,2026-03-05 08:17:42
5,业务信息,企业微信,,work.weixin.qq.com/正则提取,,2026-03-05 08:17:42
6,将分散在各处的工作信息,企业微信,,work.weixin.qq.com/正则提取,,2026-03-05 08:17:42
7,可将活动信息,企业微信,,work.weixin.qq.com/正则提取,,2026-03-05 08:17:42
8,可管理员工花名册信息,企业微信,,work.weixin.qq.com/正则提取,,2026-03-05 08:17:42
9,同事信息,企业微信,,work.weixin.qq.com/正则提取,,2026-03-05 08:17:42
10,可用上下游连接全球分公司,企业微信,,work.weixin.qq.com/正则提取,,2026-03-05 08:17:42
11,发表的朋友圈信息,企业微信,,work.weixin.qq.com/正则提取,,2026-03-05 08:17:42
12,开发者中心,企业微信,,work.weixin.qq.com/正则提取,,2026-03-05 08:17:42
13,通过国家信息,企业微信,,work.weixin.qq.com/正则提取,,2026-03-05 08:17:42
14,适配复杂网络,企业微信,,work.weixin.qq.com/正则提取,,2026-03-05 08:17:42
15,等复杂网络,企业微信,,work.weixin.qq.com/正则提取,,2026-03-05 08:17:42
16,满足复杂网络,企业微信,,work.weixin.qq.com/正则提取,,2026-03-05 08:17:42
17,众多政府,企业微信,,work.weixin.qq.com/正则提取,,2026-03-05 08:17:42
18,国企以及金融,企业微信,,work.weixin.qq.com/正则提取,,2026-03-05 08:17:42
19,如何创作出打动大公司,企业微信,,work.weixin.qq.com/正则提取,,2026-03-05 08:17:42
20,南方医院,企业微信,,work.weixin.qq.com/正则提取,,2026-03-05 08:17:42
21,传统制造,企业微信,,work.weixin.qq.com/正则提取,,2026-03-05 08:17:42
22,华夏银行,企业微信,,work.weixin.qq.com/正则提取,,2026-03-05 08:17:42
23,招商银行,企业微信,,work.weixin.qq.com/正则提取,,2026-03-05 08:17:42
24,银行如何打造线上五星级营业厅,企业微信,,work.weixin.qq.com/正则提取,,2026-03-05 08:17:42
25,平安银行,企业微信,,work.weixin.qq.com/正则提取,,2026-03-05 08:17:42
26,的酒店集团,企业微信,,work.weixin.qq.com/正则提取,,2026-03-05 08:17:42
27,私域里的爆款制造,企业微信,,work.weixin.qq.com/正则提取,,2026-03-05 08:17:42
28,极米科技,企业微信,,work.weixin.qq.com/正则提取,,2026-03-05 08:17:42
29,谁给了这家科技,企业微信,,work.weixin.qq.com/正则提取,,2026-03-05 08:17:42
30,劲松口腔医院,企业微信,,work.weixin.qq.com/正则提取,,2026-03-05 08:17:42
31,北京大学,企业微信,,work.weixin.qq.com/正则提取,,2026-03-05 08:17:42
32,第一医院,企业微信,,work.weixin.qq.com/正则提取,,2026-03-05 08:17:42
33,揭秘这所顶级医院,企业微信,,work.weixin.qq.com/正则提取,,2026-03-05 08:17:42
34,餐饮集团,企业微信,,work.weixin.qq.com/正则提取,,2026-03-05 08:17:42
35,盈米基金,企业微信,,work.weixin.qq.com/正则提取,,2026-03-05 08:17:42
36,如何让重要的信息,企业微信,,work.weixin.qq.com/正则提取,,2026-03-05 08:17:42
37,松赞度假酒店集团,企业微信,,work.weixin.qq.com/正则提取,,2026-03-05 08:17:42
38,洲明科技,企业微信,,work.weixin.qq.com/正则提取,,2026-03-05 08:17:42
39,北京师范大学,企业微信,,work.weixin.qq.com/正则提取,,2026-03-05 08:17:42
40,极氪汽车,企业微信,,work.weixin.qq.com/正则提取,,2026-03-05 08:17:42
41,中山大学,企业微信,,work.weixin.qq.com/正则提取,,2026-03-05 08:17:42
42,山西大学,企业微信,,work.weixin.qq.com/正则提取,,2026-03-05 08:17:42
43,尤伦斯当代艺术中心,企业微信,,work.weixin.qq.com/正则提取,,2026-03-05 08:17:42
44,当代艺术中心,企业微信,,work.weixin.qq.com/正则提取,,2026-03-05 08:17:42
45,文档和会议中的信息,企业微信,,work.weixin.qq.com/正则提取,,2026-03-05 08:17:42
46,总结的信息,企业微信,,work.weixin.qq.com/正则提取,,2026-03-05 08:17:42
47,支持同步项目管理类应用中的任务信息,企业微信,,work.weixin.qq.com/正则提取,,2026-03-05 08:17:42
48,支持查看客户个人信息,企业微信,,work.weixin.qq.com/正则提取,,2026-03-05 08:17:42
49,入转调离新增操作者信息,企业微信,,work.weixin.qq.com/正则提取,,2026-03-05 08:17:42
50,安全中心,企业微信,,work.weixin.qq.com/正则提取,,2026-03-05 08:17:42
51,商家中心,钉钉,,page.dingtalk.com/正则提取,,2026-03-05 08:17:48
52,某三甲医院,企业微信,,"搜索引擎/sogou/""企业微信"" 客户案例",,2026-03-05 08:18:36
53,某汽车交易中心,企业微信,,"搜索引擎/sogou/""企业微信"" 客户案例",,2026-03-05 08:18:36
54,搜狐汽车,企业微信,,"搜索引擎/sogou/""企业微信"" 客户案例",,2026-03-05 08:18:36
55,卫瓴科技,企业微信,,"搜索引擎/sogou/""企业微信"" 客户案例",,2026-03-05 08:18:36
56,启域网络,企业微信,,"搜索引擎/sogou/""企业微信"" 客户案例",,2026-03-05 08:18:36
57,在客户朋友圈发布商品信息,企业微信,,mp.weixin.qq.com/文章提取,,2026-03-05 08:18:41
58,避免中老年人出门去药店或医院,企业微信,,mp.weixin.qq.com/文章提取,,2026-03-05 08:18:41
59,在客户朋友圈中进行商品信息,企业微信,,mp.weixin.qq.com/文章提取,,2026-03-05 08:18:41
60,消毒水等用户急需产品的到货信息,企业微信,,mp.weixin.qq.com/文章提取,,2026-03-05 08:18:41
61,为了让公司,企业微信,,mp.weixin.qq.com/文章提取,,2026-03-05 08:18:41
62,的用户画像等信息,企业微信,,mp.weixin.qq.com/文章提取,,2026-03-05 08:18:41
63,由于经销商不属于公司,企业微信,,mp.weixin.qq.com/文章提取,,2026-03-05 08:18:41
64,直接打破了与经销商之间以及经销商与集团,企业微信,,mp.weixin.qq.com/文章提取,,2026-03-05 08:18:41
65,腾讯公司,企业微信,,"搜索引擎/sogou/""企业微信"" 合作企业",,2026-03-05 08:19:01
66,批量为上下游发送信息,企业微信,,"搜索引擎/sogou/""企业微信"" 合作企业",,2026-03-05 08:19:01
67,可以给上下游企业共享信息,企业微信,,mp.weixin.qq.com/文章提取,,2026-03-05 08:19:05
69,企业微信帮助中心,企业微信,,"搜索引擎/bing/""企业微信"" 成功案例",,2026-03-05 08:19:33
70,助力企业提升工作效率和信息,企业微信,,"搜索引擎/bing/""企业微信"" 成功案例",,2026-03-05 08:19:33
71,微信是腾讯公司,企业微信,,"搜索引擎/sogou/""企业微信"" 成功案例",,2026-03-05 08:19:33
85,跨地区等复杂网络,企业微信,,work.weixin.qq.com/文章提取,,2026-03-05 08:19:56
88,松赞度假酒店,企业微信,,work.weixin.qq.com/文章提取,,2026-03-05 08:19:56
89,藏地最美酒店,企业微信,,work.weixin.qq.com/文章提取,,2026-03-05 08:19:56
119,灵活配置确保信息,企业微信,,work.weixin.qq.com/文章提取,,2026-03-05 08:19:56
120,可添加水印确保信息,企业微信,,work.weixin.qq.com/文章提取,,2026-03-05 08:19:56
121,畅所欲言的公司,企业微信,,work.weixin.qq.com/文章提取,,2026-03-05 08:19:56
122,如何收集客户信息,企业微信,,"搜索引擎/sogou/""企业微信"" 标杆客户",,2026-03-05 08:20:12
123,腾讯电子,企业微信,,"搜索引擎/sogou/""企业微信"" 签约",,2026-03-05 08:20:38
124,签企微融合助一站式电子,企业微信,,"搜索引擎/sogou/""企业微信"" 签约",,2026-03-05 08:20:38
125,可在企业微信待办中心,企业微信,,"搜索引擎/sogou/""企业微信"" 签约",,2026-03-05 08:20:38
126,企业微信上签署电子,企业微信,,"搜索引擎/sogou/""企业微信"" 签约",,2026-03-05 08:20:38
127,高效安全的电子,企业微信,,"搜索引擎/sogou/""企业微信"" 签约",,2026-03-05 08:20:38
128,上海财经大学,企业微信,,"搜索引擎/sogou/""企业微信"" 签约",,2026-03-05 08:20:38
129,数字化创新实践中心,企业微信,,"搜索引擎/sogou/""企业微信"" 签约",,2026-03-05 08:20:38
130,企业微信电子,企业微信,,"搜索引擎/sogou/""企业微信"" 签约",,2026-03-05 08:20:38
131,怎么签电子,企业微信,,"搜索引擎/sogou/""企业微信"" 签约",,2026-03-05 08:20:38
132,企业微信怎么绑定另一个公司,企业微信,,"搜索引擎/sogou/""企业微信"" 签约",,2026-03-05 08:20:38
133,随着电子,企业微信,,mp.weixin.qq.com/文章提取,,2026-03-05 08:20:42
134,便捷的电子,企业微信,,mp.weixin.qq.com/文章提取,,2026-03-05 08:20:42
135,管理到出证的一站式电子,企业微信,,mp.weixin.qq.com/文章提取,,2026-03-05 08:20:42
136,合同发起人员登陆电子,企业微信,,mp.weixin.qq.com/文章提取,,2026-03-05 08:20:42
137,配置好合同发起人签约人的信息,企业微信,,mp.weixin.qq.com/文章提取,,2026-03-05 08:20:42
138,签署人点击链接后登陆电子,企业微信,,mp.weixin.qq.com/文章提取,,2026-03-05 08:20:42
139,企业只需在企业微信应用中心,企业微信,,mp.weixin.qq.com/文章提取,,2026-03-05 08:20:42
140,签企微端集成企业微信组织架构信息,企业微信,,mp.weixin.qq.com/文章提取,,2026-03-05 08:20:42
141,登录电子,企业微信,,mp.weixin.qq.com/文章提取,,2026-03-05 08:20:42
142,同时支持企业用户在进行电子,企业微信,,mp.weixin.qq.com/文章提取,,2026-03-05 08:20:42
143,时能实现快速关联企业微信组织架构中的员工信息,企业微信,,mp.weixin.qq.com/文章提取,,2026-03-05 08:20:42
144,企业微信待办中心,企业微信,,mp.weixin.qq.com/文章提取,,2026-03-05 08:20:42
145,确认购买意向后发起电子,企业微信,,mp.weixin.qq.com/文章提取,,2026-03-05 08:20:42
146,未来腾讯电子,企业微信,,mp.weixin.qq.com/文章提取,,2026-03-05 08:20:42
147,专业的印章管理和电子,企业微信,,mp.weixin.qq.com/文章提取,,2026-03-05 08:20:42
148,同时推进数字政府建设,企业微信,,mp.weixin.qq.com/文章提取,,2026-03-05 08:20:42
149,包括金融,企业微信,,mp.weixin.qq.com/文章提取,,2026-03-05 08:20:42
150,目前腾讯电子,企业微信,,mp.weixin.qq.com/文章提取,,2026-03-05 08:20:42
151,如需了解更多产品信息,企业微信,,mp.weixin.qq.com/文章提取,,2026-03-05 08:20:42
152,加企业微信会泄露个人信息,企业微信,,"搜索引擎/sogou/""企业微信"" site:36kr.com",,2026-03-05 08:21:01
153,是腾讯公司,企业微信,,"搜索引擎/sogou/""企业微信"" site:zhihu.co",,2026-03-05 08:21:27
154,将获取的客户信息,企业微信,,mp.weixin.qq.com/文章提取,,2026-03-05 08:21:55
155,某公司是一家电子,钉钉,,"搜索引擎/sogou/""钉钉"" 客户案例",,2026-03-05 08:22:16
156,票务与电子,钉钉,,"搜索引擎/sogou/""钉钉"" 客户案例",,2026-03-05 08:22:16
157,广州等地设立分公司,钉钉,,"搜索引擎/sogou/""钉钉"" 客户案例",,2026-03-05 08:22:16
158,帮助中心,钉钉,,"搜索引擎/sogou/""钉钉"" 客户案例",,2026-03-05 08:22:16
159,钉钉制造,钉钉,,"搜索引擎/sogou/""钉钉"" 客户案例",,2026-03-05 08:22:16
160,钉钉酒店,钉钉,,"搜索引擎/sogou/""钉钉"" 客户案例",,2026-03-05 08:22:16
161,冠唐云仓库帮助中心,钉钉,,"搜索引擎/sogou/""钉钉"" 客户案例",,2026-03-05 08:22:16
162,某科技股份,钉钉,,"搜索引擎/sogou/""钉钉"" 客户案例",,2026-03-05 08:22:16
163,有限公司,钉钉,,"搜索引擎/sogou/""钉钉"" 客户案例",,2026-03-05 08:22:16
164,分子公司,钉钉,,"搜索引擎/sogou/""钉钉"" 客户案例",,2026-03-05 08:22:16
165,北京数科网维技术有限责任公司,钉钉,,"搜索引擎/sogou/""钉钉"" 客户案例",,2026-03-05 08:22:16
166,北京云捷易科技,钉钉,,mp.weixin.qq.com/文章提取,,2026-03-05 08:22:20
167,多年来在总结国内外互联网,钉钉,,mp.weixin.qq.com/文章提取,,2026-03-05 08:22:20
168,借鉴国际电子,钉钉,,mp.weixin.qq.com/文章提取,,2026-03-05 08:22:20
169,基于电子,钉钉,,mp.weixin.qq.com/文章提取,,2026-03-05 08:22:20
170,推出了业内领先的电影电子,钉钉,,mp.weixin.qq.com/文章提取,,2026-03-05 08:22:20
171,在乌镇召开的第六届世界互联网,钉钉,,"搜索引擎/sogou/""钉钉"" 政务版",,2026-03-05 08:22:42
172,长春市龙行国际定制旅游有限公司,钉钉,,"搜索引擎/sogou/""钉钉"" 定制版",,2026-03-05 08:23:10
173,典名科技,钉钉,,"搜索引擎/sogou/""钉钉"" 定制版",,2026-03-05 08:23:10
174,钉钉客户管理报价明细怎么查找明细记录信息,钉钉,,"搜索引擎/sogou/""钉钉"" 客户列表",,2026-03-05 08:24:00
175,明细信息,钉钉,,"搜索引擎/sogou/""钉钉"" 客户列表",,2026-03-05 08:24:00
176,家标杆客户山东京博控股,钉钉,,"搜索引擎/sogou/""钉钉"" 客户列表",,2026-03-05 08:24:00
177,集团有限公司,钉钉,,"搜索引擎/sogou/""钉钉"" 客户列表",,2026-03-05 08:24:00
178,佳沃集团,钉钉,,"搜索引擎/sogou/""钉钉"" 客户列表",,2026-03-05 08:24:00
179,以下简称佳沃集团,钉钉,,"搜索引擎/sogou/""钉钉"" 客户列表",,2026-03-05 08:24:00
180,有零有食食品有限公司,钉钉,,"搜索引擎/sogou/""钉钉"" 客户列表",,2026-03-05 08:24:00
181,信泰人寿保险,钉钉,,"搜索引擎/sogou/""钉钉"" 客户列表",,2026-03-05 08:24:00
182,股份有限公司,钉钉,,"搜索引擎/sogou/""钉钉"" 客户列表",,2026-03-05 08:24:00
183,以下简称信泰保险,钉钉,,"搜索引擎/sogou/""钉钉"" 客户列表",,2026-03-05 08:24:00
184,和上海艾为电子,钉钉,,"搜索引擎/sogou/""钉钉"" 客户列表",,2026-03-05 08:24:00
185,技术股份,钉钉,,"搜索引擎/sogou/""钉钉"" 客户列表",,2026-03-05 08:24:00
186,以下简称艾为电子,钉钉,,"搜索引擎/sogou/""钉钉"" 客户列表",,2026-03-05 08:24:00
187,网易科技,钉钉,,"搜索引擎/sogou/""钉钉"" 客户列表",,2026-03-05 08:24:00
188,钉钉客户管理续费订单号信息,钉钉,,"搜索引擎/sogou/""钉钉"" 客户列表",,2026-03-05 08:24:00
189,是国内领先的现代农业和食品产业集团,钉钉,,mp.weixin.qq.com/文章提取,,2026-03-05 08:24:04
190,创新建设,钉钉,,mp.weixin.qq.com/文章提取,,2026-03-05 08:24:04
191,连接企业已有的信息,钉钉,,mp.weixin.qq.com/文章提取,,2026-03-05 08:24:04
192,山东京博控股,钉钉,,mp.weixin.qq.com/文章提取,,2026-03-05 08:24:04
193,组织和职业经理人合夥出资兴办的多元化工业集团,钉钉,,mp.weixin.qq.com/文章提取,,2026-03-05 08:24:04
194,销售服务网络,钉钉,,mp.weixin.qq.com/文章提取,,2026-03-05 08:24:04
195,以用户为中心,钉钉,,mp.weixin.qq.com/文章提取,,2026-03-05 08:24:04
196,加强了京博的信息,钉钉,,mp.weixin.qq.com/文章提取,,2026-03-05 08:24:04
197,安全建设,钉钉,,mp.weixin.qq.com/文章提取,,2026-03-05 08:24:04
198,业务和集团,钉钉,,mp.weixin.qq.com/文章提取,,2026-03-05 08:24:04
199,业务及集团,钉钉,,mp.weixin.qq.com/文章提取,,2026-03-05 08:24:04
200,内各部门之间信息,钉钉,,mp.weixin.qq.com/文章提取,,2026-03-05 08:24:04
201,销售为一体的现代型食品公司,钉钉,,mp.weixin.qq.com/文章提取,,2026-03-05 08:24:04
202,实时信息,钉钉,,mp.weixin.qq.com/文章提取,,2026-03-05 08:24:04
203,针对食品加工行业必须解决的仓储物流,钉钉,,mp.weixin.qq.com/文章提取,,2026-03-05 08:24:04
204,在一个群内就可以实时监测物流,钉钉,,mp.weixin.qq.com/文章提取,,2026-03-05 08:24:04
205,实现对物流,钉钉,,mp.weixin.qq.com/文章提取,,2026-03-05 08:24:04
206,是经原中国保险,钉钉,,mp.weixin.qq.com/文章提取,,2026-03-05 08:24:04
207,监督管理委员会,钉钉,,mp.weixin.qq.com/文章提取,,2026-03-05 08:24:04
208,日注册登记的全国性寿险公司,钉钉,,mp.weixin.qq.com/文章提取,,2026-03-05 08:24:04
209,致力于为广大客户提供更为便捷的综合金融,钉钉,,mp.weixin.qq.com/文章提取,,2026-03-05 08:24:04
210,信泰保险,钉钉,,mp.weixin.qq.com/文章提取,,2026-03-05 08:24:04
211,专属钉钉不仅为信泰保险,钉钉,,mp.weixin.qq.com/文章提取,,2026-03-05 08:24:04
212,推动信泰保险,钉钉,,mp.weixin.qq.com/文章提取,,2026-03-05 08:24:04
213,并让任何一个企业都能够拥有和大型金融,钉钉,,mp.weixin.qq.com/文章提取,,2026-03-05 08:24:04
214,上海艾为电子,钉钉,,mp.weixin.qq.com/文章提取,,2026-03-05 08:24:04
215,是一家芯片设计公司,钉钉,,mp.weixin.qq.com/文章提取,,2026-03-05 08:24:04
216,艾为电子,钉钉,,mp.weixin.qq.com/文章提取,,2026-03-05 08:24:04
217,本土大型公交集团,钉钉,,"搜索引擎/sogou/""钉钉"" 签约",,2026-03-05 08:24:25
218,钉钉与荣怀集团,钉钉,,"搜索引擎/sogou/""钉钉"" 签约",,2026-03-05 08:24:25
219,共建民办集团,钉钉,,"搜索引擎/sogou/""钉钉"" 签约",,2026-03-05 08:24:25
220,提升物流,钉钉,,"搜索引擎/sogou/""钉钉"" 签约",,2026-03-05 08:24:25
221,德新燃科技,钉钉,,"搜索引擎/sogou/""钉钉"" 签约",,2026-03-05 08:24:25
222,日下午上海德新燃科技,钉钉,,"搜索引擎/sogou/""钉钉"" 签约",,2026-03-05 08:24:25
223,钉钉与澳门公交集团,钉钉,,"搜索引擎/sogou/""钉钉"" 签约",,2026-03-05 08:24:25
224,海亮科技,钉钉,,"搜索引擎/sogou/""钉钉"" 签约",,2026-03-05 08:24:25
225,钉钉点签电子,钉钉,,"搜索引擎/sogou/""钉钉"" 签约",,2026-03-05 08:24:25
226,怎么在钉钉上使用点签电子,钉钉,,"搜索引擎/sogou/""钉钉"" 签约",,2026-03-05 08:24:25
227,动点科技,钉钉,,搜索引擎/sogou/政务钉钉 上线,,2026-03-05 08:25:18
228,新闻中心,钉钉,,搜索引擎/sogou/政务钉钉 上线,,2026-03-05 08:25:18
229,促公开政务钉钉在世界互联网,钉钉,,搜索引擎/sogou/政务钉钉 上线,,2026-03-05 08:25:18
230,乌镇第六届世界互联网,钉钉,,搜索引擎/sogou/政务钉钉 上线,,2026-03-05 08:25:18
231,浙江省政府与阿里巴巴集团,钉钉,,搜索引擎/sogou/政务钉钉 上线,,2026-03-05 08:25:18
232,前期及时录入全体人员组织架构信息,钉钉,,mp.weixin.qq.com/文章提取,,2026-03-05 08:25:23
233,州局机关多点配置蓝牙设备并同时开启网络,钉钉,,mp.weixin.qq.com/文章提取,,2026-03-05 08:25:23
234,确保工作在网络,钉钉,,mp.weixin.qq.com/文章提取,,2026-03-05 08:25:23
235,应用中心,飞书,,"搜索引擎/bing/""飞书"" 企业客户",,2026-03-05 08:25:50
236,医生等等信息,飞书,,"搜索引擎/bing/""飞书"" 企业客户",,2026-03-05 08:25:50
237,被邵阳市科技,飞书,,"搜索引擎/bing/""飞书"" 企业客户",,2026-03-05 08:25:50
238,北京飞书科技,飞书,,"搜索引擎/sogou/""飞书"" 企业客户",,2026-03-05 08:25:50
239,有限公司,飞书,,"搜索引擎/sogou/""飞书"" 企业客户",,2026-03-05 08:25:50
240,字节跳动这家公司,飞书,,"搜索引擎/sogou/""飞书"" 企业客户",,2026-03-05 08:25:50
241,在我接触到的信息,飞书,,"搜索引擎/sogou/""飞书"" 企业客户",,2026-03-05 08:25:50
242,但从另一条网络,飞书,,"搜索引擎/sogou/""飞书"" 企业客户",,2026-03-05 08:25:50
243,企业信息,飞书,,"搜索引擎/sogou/""飞书"" 企业客户",,2026-03-05 08:25:50
244,理想汽车,飞书,,"搜索引擎/sogou/""飞书"" 企业客户",,2026-03-05 08:25:50
245,猛士科技,飞书,,"搜索引擎/sogou/""飞书"" 企业客户",,2026-03-05 08:25:50
246,新浪科技,飞书,,"搜索引擎/sogou/""飞书"" 企业客户",,2026-03-05 08:25:50
247,飞书商业,飞书,,"搜索引擎/sogou/""飞书"" 企业客户",,2026-03-05 08:25:50
248,此前为一个公司,飞书,,mp.weixin.qq.com/文章提取,,2026-03-05 08:27:05
249,飞书首席商业,飞书,,mp.weixin.qq.com/文章提取,,2026-03-05 08:27:05
250,韵达又是抖音的物流,飞书,,"搜索引擎/sogou/""飞书"" 合作案例",,2026-03-05 08:27:23
251,成为公司,飞书,,"搜索引擎/sogou/""飞书"" 合作案例",,2026-03-05 08:27:23
252,飞书助力逸动科技,飞书,,"搜索引擎/sogou/""飞书"" 合作案例",,2026-03-05 08:27:23
253,打造新能源,飞书,,"搜索引擎/sogou/""飞书"" 合作案例",,2026-03-05 08:27:23
254,公牛集团,飞书,,"搜索引擎/sogou/""飞书"" 合作案例",,2026-03-05 08:27:23
255,共同打造先进制造,飞书,,"搜索引擎/sogou/""飞书"" 合作案例",,2026-03-05 08:27:23
256,小米公司,飞书,,"搜索引擎/sogou/""飞书"" 合作案例",,2026-03-05 08:27:23
257,打造统一信息,飞书,,"搜索引擎/sogou/""飞书"" 合作案例",,2026-03-05 08:27:23
258,扬子江药业集团,飞书,,"搜索引擎/sogou/""飞书"" 合作案例",,2026-03-05 08:27:23
259,罗永浩新公司,飞书,,"搜索引擎/sogou/""飞书"" 使用飞书的企业",,2026-03-05 08:27:46
260,博腾正在建设,飞书,,"搜索引擎/sogou/""飞书"" 使用飞书的企业",,2026-03-05 08:27:46
261,的智能制造,飞书,,"搜索引擎/sogou/""飞书"" 使用飞书的企业",,2026-03-05 08:27:46
262,双胞胎集团,飞书,,"搜索引擎/sogou/""飞书"" 使用飞书的企业",,2026-03-05 08:27:46
263,数字化建设,飞书,,"搜索引擎/sogou/""飞书"" 使用飞书的企业",,2026-03-05 08:27:46
264,为什么说字节跳动是活在飞书上的公司,飞书,,"搜索引擎/sogou/""飞书"" 使用飞书的企业",,2026-03-05 08:27:46
265,厂家信息,飞书,,mp.weixin.qq.com/文章提取,,2026-03-05 08:27:50
266,规格等繁多的信息,飞书,,mp.weixin.qq.com/文章提取,,2026-03-05 08:27:50
267,容易造成信息,飞书,,mp.weixin.qq.com/文章提取,,2026-03-05 08:27:50
268,查看柱子信息,飞书,,mp.weixin.qq.com/文章提取,,2026-03-05 08:27:50
269,保障信息,飞书,,mp.weixin.qq.com/文章提取,,2026-03-05 08:27:50
270,博腾通过多个即时通信,飞书,,mp.weixin.qq.com/文章提取,,2026-03-05 08:27:50
271,这些工具的信息,飞书,,mp.weixin.qq.com/文章提取,,2026-03-05 08:27:50
272,且容易造成信息,飞书,,mp.weixin.qq.com/文章提取,,2026-03-05 08:27:50
273,双汇发展与飞书科技,飞书,,"搜索引擎/sogou/""飞书"" 签约 合作",,2026-03-05 08:28:12
274,高途集团,飞书,,"搜索引擎/sogou/""飞书"" 签约 合作",,2026-03-05 08:28:12
275,信息化工作委员会,飞书,,mp.weixin.qq.com/文章提取,,2026-03-05 08:28:16
276,上海律协信息,飞书,,mp.weixin.qq.com/文章提取,,2026-03-05 08:28:16
277,化工作委员会,飞书,,mp.weixin.qq.com/文章提取,,2026-03-05 08:28:16
278,项目建设,飞书,,mp.weixin.qq.com/文章提取,,2026-03-05 08:28:16
279,共同探索科技,飞书,,mp.weixin.qq.com/文章提取,,2026-03-05 08:28:16
280,飞书模板中心,飞书,,"搜索引擎/sogou/""飞书"" 定制版",,2026-03-05 08:28:39
281,腾讯软件中心,飞书,,"搜索引擎/sogou/""飞书"" 定制版",,2026-03-05 08:28:39
282,书的五个版本对应不同的功能适合不同规模的公司,飞书,,"搜索引擎/sogou/""飞书"" 定制版",,2026-03-05 08:28:39
283,专业版在商业,飞书,,mp.weixin.qq.com/文章提取,,2026-03-05 08:28:43
284,旗舰版在商业,飞书,,mp.weixin.qq.com/文章提取,,2026-03-05 08:28:43
285,建议选择商业,飞书,,mp.weixin.qq.com/文章提取,,2026-03-05 08:28:43
286,呼叫中心,飞书,,mp.weixin.qq.com/文章提取,,2026-03-05 08:28:43
287,社群成员以企业信息,飞书,,mp.weixin.qq.com/文章提取,,2026-03-05 08:28:43
288,部分内容来源于网络,飞书,,mp.weixin.qq.com/文章提取,,2026-03-05 08:28:43
289,飞书们困于商业,飞书,,"搜索引擎/sogou/""飞书"" site:36kr.com",,2026-03-05 08:29:06
290,浙江省大数据发展管理局,钉钉,政务,政务种子数据,浙政钉,2026-03-05 08:29:11
291,广东省政务服务数据管理局,钉钉,政务,政务种子数据,粤政易,2026-03-05 08:29:11
292,江西省信息中心,钉钉,政务,政务种子数据,赣政通,2026-03-05 08:29:11
293,湖北省政务管理办公室,钉钉,政务,政务种子数据,鄂汇办,2026-03-05 08:29:11
294,江苏省大数据管理中心,钉钉,政务,政务种子数据,苏政通,2026-03-05 08:29:11
295,河南省大数据管理局,钉钉,政务,政务种子数据,豫政通,2026-03-05 08:29:11
296,山东省大数据局,钉钉,政务,政务种子数据,鲁政通,2026-03-05 08:29:11
297,福建省数字福建建设领导小组办公室,钉钉,政务,政务种子数据,闽政通,2026-03-05 08:29:11
298,安徽省数据资源管理局,钉钉,政务,政务种子数据,皖政通,2026-03-05 08:29:11
299,巴打造的政务,钉钉,政务,政务搜索/sogou,巴打造的政务,2026-03-05 08:29:32
300,整合了政务,钉钉,政务,政务搜索/sogou,整合了政务,2026-03-05 08:29:32
301,钉钉下载政务,钉钉,政务,政务搜索/sogou,钉钉下载政务,2026-03-05 08:29:32
302,政务钉钉下载政务钉钉,钉钉,政务,政务搜索/sogou,政务钉钉下载政务钉钉,2026-03-05 08:29:32
303,浙江省政府,钉钉,政务,baike.sogou.com/政务页面,巴打造的政务,2026-03-05 08:29:54
304,互联网大会丨浙江省政府,钉钉,政务,baike.sogou.com/政务页面,巴打造的政务,2026-03-05 08:29:54
305,政务协同办,钉钉,政务,baike.sogou.com/政务页面,巴打造的政务,2026-03-05 08:29:54
306,阿里发布政务,钉钉,政务,baike.sogou.com/政务页面,阿里发布政务,2026-03-05 08:29:54
307,化转型暨政务,钉钉,政务,baike.sogou.com/政务页面,化转型暨政务,2026-03-05 08:29:54
308,联合阿里发布政务钉钉,钉钉,政务,baike.sogou.com/政务页面,联合阿里发布政务钉钉,2026-03-05 08:29:54
309,里巴巴打造的政务钉钉,钉钉,政务,baike.sogou.com/政务页面,里巴巴打造的政务钉钉,2026-03-05 08:29:54
310,数字化转型暨政务钉钉,钉钉,政务,baike.sogou.com/政务页面,数字化转型暨政务钉钉,2026-03-05 08:29:54
311,浙政钉,钉钉,政务,政务搜索/sogou,浙政钉,2026-03-05 08:30:14
312,迎下载浙政钉,钉钉,政务,政务搜索/sogou,迎下载浙政钉,2026-03-05 08:30:14
313,用习惯的政务,钉钉,政务,政务搜索/sogou,用习惯的政务,2026-03-05 08:30:14
314,返回顶部,钉钉,政务,xiazai.sogou.com/政务页面,浙政钉,2026-03-05 08:30:25
315,储在浙江政务,钉钉,政务,xiazai.sogou.com/政务页面,储在浙江政务,2026-03-05 08:30:25
316,确保政务,钉钉,政务,xiazai.sogou.com/政务页面,确保政务,2026-03-05 08:30:25
317,面向政务,钉钉,政务,xiazai.sogou.com/政务页面,面向政务,2026-03-05 08:30:25
318,面向政务钉钉,钉钉,政务,xiazai.sogou.com/政务页面,面向政务钉钉,2026-03-05 08:30:25
319,粤政易,钉钉,政务,政务搜索/sogou,粤政易,2026-03-05 08:30:44
320,粤政易是广东省政务服务数据管理局,钉钉,政务,政务搜索/sogou,粤政易,2026-03-05 08:30:44
321,粤政易移动办,钉钉,政务,政务搜索/sogou,粤政易,2026-03-05 08:30:44
322,服务数据管理局,钉钉,政务,政务搜索/sogou,粤政易,2026-03-05 08:30:44
323,时通讯和政务办,钉钉,政务,政务搜索/sogou,粤政易,2026-03-05 08:30:44
324,是广东省政务,钉钉,政务,政务搜索/sogou,是广东省政务,2026-03-05 08:30:44
325,时通讯和政务,钉钉,政务,政务搜索/sogou,时通讯和政务,2026-03-05 08:30:44
326,省内各级政务,钉钉,政务,政务搜索/sogou,省内各级政务,2026-03-05 08:30:44
327,粤政易移动办公平台,钉钉,政务,政务搜索/sogou,粤政易移动办公平台,2026-03-05 08:30:44
328,广东省政务办,钉钉,政务,政务搜索/sogou,粤政易,2026-03-05 08:30:44
329,广东省政务,钉钉,政务,政务搜索/sogou,广东省政务,2026-03-05 08:30:44
330,省统一化政务办,钉钉,政务,政务搜索/sogou,粤政易,2026-03-05 08:30:44
331,软件支持移动办,钉钉,政务,政务搜索/sogou,粤政易,2026-03-05 08:30:44
332,提升政务办,钉钉,政务,政务搜索/sogou,粤政易,2026-03-05 08:30:44
333,省统一化政务,钉钉,政务,政务搜索/sogou,省统一化政务,2026-03-05 08:30:44
334,跨层级政务,钉钉,政务,政务搜索/sogou,跨层级政务,2026-03-05 08:30:44
335,提升政务,钉钉,政务,政务搜索/sogou,提升政务,2026-03-05 08:30:44
336,政易软件支持移动办公,钉钉,政务,政务搜索/sogou,政易软件支持移动办公,2026-03-05 08:30:44
337,实现移动办,钉钉,政务,xiazai.sogou.com/政务页面,粤政易,2026-03-05 08:30:48
338,步提升沟通和办,钉钉,政务,xiazai.sogou.com/政务页面,粤政易,2026-03-05 08:30:48
339,电子政务移动办,钉钉,政务,xiazai.sogou.com/政务页面,粤政易,2026-03-05 08:30:48
340,将政务,钉钉,政务,xiazai.sogou.com/政务页面,将政务,2026-03-05 08:30:48
341,满足电子政务,钉钉,政务,xiazai.sogou.com/政务页面,满足电子政务,2026-03-05 08:30:48
342,满足政务,钉钉,政务,xiazai.sogou.com/政务页面,满足政务,2026-03-05 08:30:48
343,实现移动办公,钉钉,政务,xiazai.sogou.com/政务页面,实现移动办公,2026-03-05 08:30:48
344,满足电子政务移动办公,钉钉,政务,xiazai.sogou.com/政务页面,满足电子政务移动办公,2026-03-05 08:30:48
345,赣政通,钉钉,政务,政务搜索/sogou,赣政通,2026-03-05 08:31:06
346,移动政务协同办,钉钉,政务,政务搜索/sogou,赣政通,2026-03-05 08:31:06
347,个省直部,钉钉,政务,政务搜索/sogou,赣政通,2026-03-05 08:31:06
348,一款移动政务,钉钉,政务,政务搜索/sogou,一款移动政务,2026-03-05 08:31:06
349,西省移动政务,钉钉,政务,政务搜索/sogou,西省移动政务,2026-03-05 08:31:06
350,江西省的一款移动政务,钉钉,政务,政务搜索/sogou,江西省的一款移动政务,2026-03-05 08:31:06
351,江西省移动政务,钉钉,政务,政务搜索/sogou,江西省移动政务,2026-03-05 08:31:06
352,要下载赣政通,钉钉,政务,政务搜索/sogou,要下载赣政通,2026-03-05 08:31:06
353,版本的赣政通,钉钉,政务,政务搜索/sogou,版本的赣政通,2026-03-05 08:31:06
354,年赣政通,钉钉,政务,政务搜索/sogou,年赣政通,2026-03-05 08:31:06
355,赣政通办,钉钉,政务,政务搜索/sogou,赣政通,2026-03-05 08:31:06
356,下载赣政通,钉钉,政务,政务搜索/sogou,下载赣政通,2026-03-05 08:31:06
357,江西移动政务,钉钉,政务,baike.sogou.com/政务页面,江西移动政务,2026-03-05 08:31:20
358,湖北政务,钉钉,政务,政务搜索/sogou,湖北政务,2026-03-05 08:31:41
359,鄂汇办,钉钉,政务,政务搜索/sogou,鄂汇办,2026-03-05 08:31:41
360,是由湖北省人民政府,钉钉,政务,政务搜索/sogou,湖北省政务,2026-03-05 08:31:41
361,省人民政府主办,钉钉,政务,政务搜索/sogou,湖北省政务,2026-03-05 08:31:41
362,集政务办,钉钉,政务,政务搜索/sogou,湖北省政务,2026-03-05 08:31:41
363,湖北省政务,钉钉,政务,政务搜索/sogou,湖北省政务,2026-03-05 08:31:41
364,集政务,钉钉,政务,政务搜索/sogou,集政务,2026-03-05 08:31:41
365,全省统一政务,钉钉,政务,政务搜索/sogou,全省统一政务,2026-03-05 08:31:41
366,工业和信息化部,钉钉,政务,政务搜索/sogou,北省移动政务,2026-03-05 08:31:41
367,北省移动政务,钉钉,政务,政务搜索/sogou,北省移动政务,2026-03-05 08:31:41
368,湖北省移动政务,钉钉,政务,政务搜索/sogou,湖北省移动政务,2026-03-05 08:31:41
369,政务服务鄂汇办,钉钉,政务,政务搜索/sogou,湖北政务,2026-03-05 08:31:41
370,务服务鄂汇办,钉钉,政务,政务搜索/sogou,务服务鄂汇办,2026-03-05 08:31:41
371,湖北鄂汇办,钉钉,政务,政务搜索/sogou,鄂汇办,2026-03-05 08:31:41
372,湖北省鄂汇办,钉钉,政务,政务搜索/sogou,鄂汇办,2026-03-05 08:31:41
373,湖北政务鄂汇办,钉钉,政务,政务搜索/sogou,湖北政务,2026-03-05 08:31:41
374,北政务鄂汇办,钉钉,政务,政务搜索/sogou,北政务鄂汇办,2026-03-05 08:31:41
375,襄阳市行政审批局,钉钉,政务,政务搜索/sogou,鄂汇办,2026-03-05 08:31:41
376,阳市行政审批局,钉钉,政务,政务搜索/sogou,鄂汇办,2026-03-05 08:31:41
377,湖北省人民政府,钉钉,政务,baike.sogou.com/政务页面,集政务,2026-03-05 08:31:58
378,北省人民政府办,钉钉,政务,baike.sogou.com/政务页面,集政务,2026-03-05 08:31:58
379,省政府办,钉钉,政务,baike.sogou.com/政务页面,集政务,2026-03-05 08:31:58
380,全省首家厅局,钉钉,政务,baike.sogou.com/政务页面,集政务,2026-03-05 08:31:58
381,务事项可鄂汇办,钉钉,政务,baike.sogou.com/政务页面,集政务,2026-03-05 08:31:58
382,证可以上鄂汇办,钉钉,政务,baike.sogou.com/政务页面,集政务,2026-03-05 08:31:58
383,人社专区掌上办,钉钉,政务,baike.sogou.com/政务页面,集政务,2026-03-05 08:31:58
384,事项可鄂汇办,钉钉,政务,baike.sogou.com/政务页面,事项可鄂汇办,2026-03-05 08:31:58
385,可以上鄂汇办,钉钉,政务,baike.sogou.com/政务页面,可以上鄂汇办,2026-03-05 08:31:58
386,苏政通,钉钉,政务,政务搜索/sogou,苏政通,2026-03-05 08:32:18
387,公司咨询服务部,钉钉,政务,政务搜索/sogou,苏政通,2026-03-05 08:32:18
388,姓名送公安部,钉钉,政务,政务搜索/sogou,苏政通,2026-03-05 08:32:18
389,证照片送公安部,钉钉,政务,政务搜索/sogou,苏政通,2026-03-05 08:32:18
390,来自苏政通,钉钉,政务,政务搜索/sogou,来自苏政通,2026-03-05 08:32:18
391,江苏省人民政府,钉钉,政务,政务搜索/sogou,,2026-03-05 08:32:18
392,秦政通,钉钉,政务,政务搜索/sogou,秦政通,2026-03-05 08:32:18
393,陕政通,钉钉,政务,政务搜索/sogou,陕政通,2026-03-05 08:32:18
394,陕西政务,钉钉,政务,政务搜索/sogou,陕西政务,2026-03-05 08:32:18
395,运政通,钉钉,政务,政务搜索/sogou,运政通,2026-03-05 08:32:18
396,闽政通,钉钉,政务,政务搜索/sogou,闽政通,2026-03-05 08:32:18
397,河南豫政通,钉钉,政务,政务搜索/sogou,河南豫政通,2026-03-05 08:32:18
398,豫政通,钉钉,政务,政务搜索/sogou,豫政通,2026-03-05 08:32:18
399,农业农村部,钉钉,政务,政务搜索/sogou,农政通,2026-03-05 08:32:18
400,农政通,钉钉,政务,政务搜索/sogou,农政通,2026-03-05 08:32:18
401,业农村部政务,钉钉,政务,政务搜索/sogou,业农村部政务,2026-03-05 08:32:18
402,云政通,钉钉,政务,政务搜索/sogou,云政通,2026-03-05 08:32:18
403,位于中国东南部,钉钉,政务,政务搜索/bing,,2026-03-05 08:33:03
404,如秦政通,钉钉,政务,政务搜索/sogou,如秦政通,2026-03-05 08:33:03
405,河南省测绘地理信息技术中心,钉钉,政务,政务搜索/sogou,豫政通,2026-03-05 08:33:03
406,受河南省大数据管理局,钉钉,政务,政务搜索/sogou,豫政通,2026-03-05 08:33:03
407,将与省大数据中心,钉钉,政务,政务搜索/sogou,豫政通,2026-03-05 08:33:03
408,省大数据管理局,钉钉,政务,政务搜索/sogou,豫政通,2026-03-05 08:33:03
409,年度全省政府,钉钉,政务,政务搜索/sogou,,2026-03-05 08:33:03
410,濮阳县督查局,钉钉,政务,政务搜索/sogou,,2026-03-05 08:33:03
411,河南政务,钉钉,政务,政务搜索/sogou,河南政务,2026-03-05 08:33:03
412,皖政通,钉钉,政务,政务搜索/sogou,皖政通,2026-03-05 08:33:03
413,河南省人民政府,钉钉,政务,政务搜索/sogou,豫政办,2026-03-05 08:33:03
414,服务中心管理办,钉钉,政务,政务搜索/sogou,豫政办,2026-03-05 08:33:03
415,豫政办,钉钉,政务,政务搜索/sogou,豫政办,2026-03-05 08:33:03
416,掌政通,钉钉,政务,政务搜索/sogou,掌政通,2026-03-05 08:33:03
417,鲁政通,钉钉,政务,政务搜索/sogou,鲁政通,2026-03-05 08:33:26
418,须学会用哪些办,钉钉,政务,政务搜索/sogou,你们省的政务,2026-03-05 08:33:26
419,你们省的政务,钉钉,政务,政务搜索/sogou,你们省的政务,2026-03-05 08:33:26
420,浙江叫浙政钉,钉钉,政务,政务搜索/sogou,浙江叫浙政钉,2026-03-05 08:33:26
421,广东叫粤政易,钉钉,政务,政务搜索/sogou,广东叫粤政易,2026-03-05 08:33:26
422,山东叫鲁政通,钉钉,政务,政务搜索/sogou,山东叫鲁政通,2026-03-05 08:33:26
423,山东电子政务,钉钉,政务,政务搜索/sogou,山东电子政务,2026-03-05 08:33:26
424,晋政通,钉钉,政务,政务搜索/sogou,晋政通,2026-03-05 08:33:26
425,山西晋政通,钉钉,政务,政务搜索/sogou,山西晋政通,2026-03-05 08:33:26
426,山东省人民政府,钉钉,政务,政务搜索/sogou,,2026-03-05 08:33:26
427,滨政通,钉钉,政务,政务搜索/sogou,滨政通,2026-03-05 08:33:26
428,山东政通,钉钉,政务,政务搜索/sogou,山东政通,2026-03-05 08:33:26
429,多类政务,钉钉,政务,政务搜索/sogou,多类政务,2026-03-05 08:33:26
430,安高新区政务,钉钉,政务,政务搜索/sogou,安高新区政务,2026-03-05 08:33:26
431,数字政通,钉钉,政务,政务搜索/sogou,数字政通,2026-03-05 08:33:26
432,万元成立政通,钉钉,政务,政务搜索/sogou,万元成立政通,2026-03-05 08:33:26
433,行政审批服务局,钉钉,政务,政务搜索/sogou,,2026-03-05 08:33:26
434,年轻干部,钉钉,政务,mp.weixin.qq.com/政务页面,你们省的政务,2026-03-05 08:33:33
435,安卓版闽政通,钉钉,政务,政务搜索/sogou,安卓版闽政通,2026-03-05 08:33:51
436,福建政务,钉钉,政务,政务搜索/sogou,福建政务,2026-03-05 08:33:51
437,部门协同办,钉钉,政务,政务搜索/sogou,闽政通,2026-03-05 08:33:51
438,初步实现群众办,钉钉,政务,政务搜索/sogou,闽政通,2026-03-05 08:33:51
439,马上就办,钉钉,政务,政务搜索/sogou,闽政通,2026-03-05 08:33:51
440,福建省政务,钉钉,政务,政务搜索/sogou,福建省政务,2026-03-05 08:33:51
441,整合全省政务,钉钉,政务,政务搜索/sogou,整合全省政务,2026-03-05 08:33:51
442,实现政务,钉钉,政务,政务搜索/sogou,实现政务,2026-03-05 08:33:51
443,遵循省委省政府,钉钉,政务,as.sogou.com/政务页面,闽政通,2026-03-05 08:34:00
444,由福建省数字福建建设领导小组办公室,钉钉,政务,as.sogou.com/政务页面,闽政通,2026-03-05 08:34:00
445,平台整合全省各级政府,钉钉,政务,as.sogou.com/政务页面,闽政通,2026-03-05 08:34:00
446,遵循省委,钉钉,政务,as.sogou.com/政务页面,闽政通,2026-03-05 08:34:00
447,省政府的战略部,钉钉,政务,as.sogou.com/政务页面,闽政通,2026-03-05 08:34:00
448,建设领导小组办,钉钉,政务,as.sogou.com/政务页面,闽政通,2026-03-05 08:34:00
449,全省各级政府部,钉钉,政务,as.sogou.com/政务页面,闽政通,2026-03-05 08:34:00
450,台的重要组成部,钉钉,政务,as.sogou.com/政务页面,闽政通,2026-03-05 08:34:00
451,建省电子政务,钉钉,政务,as.sogou.com/政务页面,建省电子政务,2026-03-05 08:34:00
452,营福建省政务,钉钉,政务,as.sogou.com/政务页面,营福建省政务,2026-03-05 08:34:00
453,化互联网政务,钉钉,政务,as.sogou.com/政务页面,化互联网政务,2026-03-05 08:34:00
454,是安徽省人民政府,钉钉,政务,政务搜索/sogou,群众提供政务,2026-03-05 08:34:19
455,群众提供政务,钉钉,政务,政务搜索/sogou,群众提供政务,2026-03-05 08:34:19
456,推广移动政务,钉钉,政务,政务搜索/sogou,推广移动政务,2026-03-05 08:34:19
457,是安徽推广移动政务,钉钉,政务,政务搜索/sogou,是安徽推广移动政务,2026-03-05 08:34:19
458,皖事通办,钉钉,政务,政务搜索/sogou,安徽政务,2026-03-05 08:34:19
459,安徽政务,钉钉,政务,政务搜索/sogou,安徽政务,2026-03-05 08:34:19
460,芜湖市政务,钉钉,政务,政务搜索/sogou,芜湖市政务,2026-03-05 08:34:19
461,陕西省人民政府,企业微信,政务,政务搜索/sogou,,2026-03-05 08:35:18
462,四川省政务,企业微信,政务,政务搜索/sogou,四川省政务,2026-03-05 08:35:18
463,四川地区政务,企业微信,政务,政务搜索/sogou,四川地区政务,2026-03-05 08:35:18
464,四川省政务微信,企业微信,政务,政务搜索/sogou,四川省政务微信,2026-03-05 08:35:18
465,目前四川地区政务微信,企业微信,政务,政务搜索/sogou,目前四川地区政务微信,2026-03-05 08:35:18
466,方正式版政务,企业微信,政务,政务搜索/sogou,方正式版政务,2026-03-05 08:35:18
467,新官方正式版政务微信,企业微信,政务,政务搜索/sogou,新官方正式版政务微信,2026-03-05 08:35:18
468,腾讯政务,企业微信,政务,政务搜索/sogou,腾讯政务,2026-03-05 08:35:18
469,腾讯政务微信,企业微信,政务,政务搜索/sogou,腾讯政务微信,2026-03-05 08:35:18
470,信是什么政务,企业微信,政务,政务搜索/sogou,信是什么政务,2026-03-05 08:35:18
471,务微信是什么政务微信,企业微信,政务,政务搜索/sogou,务微信是什么政务微信,2026-03-05 08:35:18
472,最新政务,企业微信,政务,政务搜索/sogou,最新政务,2026-03-05 08:35:18
473,最新政务微信,企业微信,政务,政务搜索/sogou,最新政务微信,2026-03-05 08:35:18
474,四川省人民政府,企业微信,政务,www.sogou.com/政务页面,信在数字政务,2026-03-05 08:35:36
475,潍坊市人民政府,企业微信,政务,www.sogou.com/政务页面,信在数字政务,2026-03-05 08:35:36
476,黑龙江省人民政府,企业微信,政务,www.sogou.com/政务页面,信在数字政务,2026-03-05 08:35:36
477,可通过黑龙江省人民政府,企业微信,政务,www.sogou.com/政务页面,信在数字政务,2026-03-05 08:35:36
478,连云港市人民政府,企业微信,政务,www.sogou.com/政务页面,信在数字政务,2026-03-05 08:35:36
479,灌云县人民政府,企业微信,政务,www.sogou.com/政务页面,信在数字政务,2026-03-05 08:35:36
480,灌南县人民政府,企业微信,政务,www.sogou.com/政务页面,信在数字政务,2026-03-05 08:35:36
481,连云区人民政府,企业微信,政务,www.sogou.com/政务页面,信在数字政务,2026-03-05 08:35:36
482,寿光市人民政府,企业微信,政务,www.sogou.com/政务页面,信在数字政务,2026-03-05 08:35:36
483,安丘市人民政府,企业微信,政务,www.sogou.com/政务页面,信在数字政务,2026-03-05 08:35:36
484,高密市人民政府,企业微信,政务,www.sogou.com/政务页面,信在数字政务,2026-03-05 08:35:36
485,昌邑市人民政府,企业微信,政务,www.sogou.com/政务页面,信在数字政务,2026-03-05 08:35:36
486,临朐县人民政府,企业微信,政务,www.sogou.com/政务页面,信在数字政务,2026-03-05 08:35:36
487,昌乐县人民政府,企业微信,政务,www.sogou.com/政务页面,信在数字政务,2026-03-05 08:35:36
488,阜新市人民政府,企业微信,政务,www.sogou.com/政务页面,信在数字政务,2026-03-05 08:35:36
489,马鞍山市人民政府,企业微信,政务,www.sogou.com/政务页面,信在数字政务,2026-03-05 08:35:36
490,马鞍山市政府,企业微信,政务,www.sogou.com/政务页面,信在数字政务,2026-03-05 08:35:36
491,含山县人民政府,企业微信,政务,www.sogou.com/政务页面,信在数字政务,2026-03-05 08:35:36
492,湖北省人民政府,企业微信,政务,www.sogou.com/政务页面,信在数字政务,2026-03-05 08:35:36
493,行政审批局,企业微信,政务,www.sogou.com/政务页面,信在数字政务,2026-03-05 08:35:36
494,包括省直部,企业微信,政务,www.sogou.com/政务页面,信在数字政务,2026-03-05 08:35:36
495,阜新市国资委,企业微信,政务,www.sogou.com/政务页面,信在数字政务,2026-03-05 08:35:36
496,山市人民政府办,企业微信,政务,www.sogou.com/政务页面,信在数字政务,2026-03-05 08:35:36
497,服务管理局,企业微信,政务,www.sogou.com/政务页面,信在数字政务,2026-03-05 08:35:36
498,政务微信部,企业微信,政务,www.sogou.com/政务页面,信在数字政务,2026-03-05 08:35:36
499,信在数字政务,企业微信,政务,www.sogou.com/政务页面,信在数字政务,2026-03-05 08:35:36
500,讲政务,企业微信,政务,www.sogou.com/政务页面,讲政务,2026-03-05 08:35:36
501,鄂汇办,企业微信,政务,www.sogou.com/政务页面,鄂汇办,2026-03-05 08:35:36
502,高效内部,飞书,政务,政务搜索/sogou,,2026-03-05 08:35:56
503,在学校网信办,飞书,政务,政务搜索/sogou,,2026-03-05 08:35:56
504,高效内部,钉钉,政务,www.itangsoft.com/政务页面,,2026-03-05 08:36:13
505,一款高效的内部,钉钉,政务,www.itangsoft.com/政务页面,,2026-03-05 08:36:13
506,化工作流程的办,钉钉,政务,www.itangsoft.com/政务页面,,2026-03-05 08:36:13
507,值得信赖的内部,钉钉,政务,www.itangsoft.com/政务页面,,2026-03-05 08:36:13
508,了一款高效内部,钉钉,政务,www.itangsoft.com/政务页面,,2026-03-05 08:36:13
509,本文内容部,钉钉,政务,www.itangsoft.com/政务页面,,2026-03-05 08:36:13
510,会员管理办,钉钉,政务,www.itangsoft.com/政务页面,,2026-03-05 08:36:13
511,可以使用办,钉钉,政务,www.itangsoft.com/政务页面,,2026-03-05 08:36:13
512,区城管执法局,钉钉,政务,政务搜索/sogou,,2026-03-05 08:36:29
513,泰政通,钉钉,政务,政务搜索/sogou,泰政通,2026-03-05 08:36:29
514,年黔西县公安局法治政府,钉钉,政务,政务搜索/sogou,,2026-03-05 08:36:29
515,年黔西县公安局,钉钉,政务,政务搜索/sogou,,2026-03-05 08:36:29
516,国家税务总局,钉钉,政务,政务搜索/sogou,,2026-03-05 08:36:29
517,定州市税务局,钉钉,政务,政务搜索/sogou,,2026-03-05 08:36:29
518,江苏省政务服务管理办公室,钉钉,政务,政务搜索/sogou,江苏省政务,2026-03-05 08:36:29
519,政务服务管理办,钉钉,政务,政务搜索/sogou,江苏省政务,2026-03-05 08:36:29
520,江苏省政务,钉钉,政务,政务搜索/sogou,江苏省政务,2026-03-05 08:36:29
521,力云集镇提升办,钉钉,政务,政务搜索/sogou,,2026-03-05 08:36:29
522,拉萨市人民政府,钉钉,政务,政务搜索/sogou,,2026-03-05 08:36:29
523,姑苏区政务,钉钉,政务,政务搜索/sogou,姑苏区政务,2026-03-05 08:36:29
524,舰店在省政务,钉钉,政务,政务搜索/sogou,舰店在省政务,2026-03-05 08:36:29
525,巢湖市人民政府,钉钉,政务,政务搜索/sogou,,2026-03-05 08:36:29
526,正式上线政务,钉钉,政务,政务搜索/sogou,正式上线政务,2026-03-05 08:36:29
527,宁津县人民政府,钉钉,政务,政务搜索/sogou,,2026-03-05 08:38:29
528,政府政务服务办,钉钉,政务,政务搜索/sogou,人民政府政务,2026-03-05 08:38:29
529,人民政府政务,钉钉,政务,政务搜索/sogou,人民政府政务,2026-03-05 08:38:29
530,彩票骗局,钉钉,政务,政务搜索/sogou,,2026-03-05 08:38:29
531,张家港市公安局,钉钉,政务,政务搜索/sogou,,2026-03-05 08:38:29
532,淮阴工学院,钉钉,政务,政务搜索/sogou,,2026-03-05 08:38:29
533,泰山区人民政府,钉钉,政务,政务搜索/sogou,,2026-03-05 08:38:29
534,市泰山区人社局,钉钉,政务,政务搜索/sogou,,2026-03-05 08:38:29
535,广元市应急管理局,钉钉,政务,政务搜索/sogou,,2026-03-05 08:38:29
536,元市应急管理局,钉钉,政务,政务搜索/sogou,,2026-03-05 08:38:29
537,池州市人民政府,钉钉,政务,政务搜索/sogou,,2026-03-05 08:38:29
538,福州市台江区人民政府,钉钉,政务,政务搜索/sogou,,2026-03-05 08:38:29
539,衡阳市公安局,企业微信,政务,政务搜索/sogou,,2026-03-05 08:38:29
540,武汉市美好社会工作服务中心,钉钉,政务,政务搜索/sogou,,2026-03-05 08:40:31
541,上海市长宁区人民政府,钉钉,政务,政务搜索/sogou,,2026-03-05 08:40:31
542,长宁区商务委,钉钉,政务,政务搜索/sogou,,2026-03-05 08:40:31
543,积极服务远程办,钉钉,政务,政务搜索/sogou,,2026-03-05 08:40:31
544,经济和信息化局,钉钉,政务,政务搜索/sogou,,2026-03-05 08:40:31
545,旅游广电体育局,飞书,政务,政务搜索/sogou,,2026-03-05 08:40:31
546,推动常委,钉钉,政务,政务搜索/sogou,,2026-03-05 08:40:31
547,建设银行,企业微信,,新闻摘要/sogou,,2026-03-05 08:42:41
548,试水企业微信客户社群运营的春秋航空,企业微信,,新闻摘要/sogou,,2026-03-05 08:42:41
549,中国软件公司,企业微信,,新闻摘要/sogou,,2026-03-05 08:44:43
551,螳螂科技,企业微信,,新闻摘要/sogou,,2026-03-05 08:46:45
552,发送信息,企业微信,,新闻摘要/sogou,,2026-03-05 08:48:48
553,企业微信的后缀会显示公司,企业微信,,新闻摘要/sogou,,2026-03-05 08:50:43
554,部分公司,企业微信,,新闻摘要/sogou,,2026-03-05 08:50:43
555,会直接使用公司,企业微信,,新闻摘要/sogou,,2026-03-05 08:50:43
556,企业微信是很多公司,企业微信,,新闻摘要/sogou,,2026-03-05 08:50:43
557,随着互联网,企业微信,,新闻摘要/sogou,,2026-03-05 08:50:43
558,企业微信是腾讯官方推出的公司,企业微信,,新闻摘要/sogou,,2026-03-05 08:50:43
559,适合企业微信营销的行业与公司,企业微信,,新闻摘要/sogou,,2026-03-05 08:52:40
561,企业微信最适合什么公司,企业微信,,新闻摘要/sogou,,2026-03-05 08:52:40
562,某国有银行,企业微信,,新闻摘要/sogou,,2026-03-05 08:52:40
563,对于口腔医院,企业微信,,mp.weixin.qq.com/文章,,2026-03-05 08:54:20
564,传统的口腔医院,企业微信,,mp.weixin.qq.com/文章,,2026-03-05 08:54:20
565,获取最新的口腔治疗服务信息,企业微信,,mp.weixin.qq.com/文章,,2026-03-05 08:54:20
566,发布口腔保健资讯等信息,企业微信,,mp.weixin.qq.com/文章,,2026-03-05 08:54:20
567,预约提示等信息,企业微信,,mp.weixin.qq.com/文章,,2026-03-05 08:54:20
568,快速高效收集一线的患者信息,企业微信,,mp.weixin.qq.com/文章,,2026-03-05 08:54:20
569,叙简科技,钉钉,,新闻摘要/sogou,,2026-03-05 08:54:41
570,创业公司,钉钉,,新闻摘要/sogou,,2026-03-05 08:54:41
571,亿元收购酷学院,钉钉,,新闻摘要/sogou,,2026-03-05 08:58:29
572,且能满足你公司,钉钉,,新闻摘要/sogou,,2026-03-05 09:02:12
573,最给我们公司,钉钉,,新闻摘要/sogou,,2026-03-05 09:02:12
574,使用钉钉的大公司,钉钉,,新闻摘要/sogou,,2026-03-05 09:02:12
575,我的信息,钉钉,,新闻摘要/sogou,,2026-03-05 09:02:12
576,随着企业信息,钉钉,,新闻摘要/sogou,,2026-03-05 09:02:12
577,钉钉对公司,钉钉,,新闻摘要/sogou,,2026-03-05 09:02:12
578,这时候钉钉就成了我们公司,钉钉,,新闻摘要/sogou,,2026-03-05 09:02:12
579,钉钉为什么有这么多公司,钉钉,,新闻摘要/sogou,,2026-03-05 09:02:12
580,是阿里巴巴集团,钉钉,,新闻摘要/sogou,,2026-03-05 09:02:12
581,刚创业的小公司,钉钉,,新闻摘要/sogou,,2026-03-05 09:02:12
582,钉钉的功能可以满足创业公司,钉钉,,新闻摘要/sogou,,2026-03-05 09:02:12
583,不仅能满足大公司,钉钉,,新闻摘要/sogou,,2026-03-05 09:02:12
584,像我们自己的公司,钉钉,,新闻摘要/sogou,,2026-03-05 09:02:12
586,让企业随时可能暴露于信息,钉钉,,mp.weixin.qq.com/文章,,2026-03-05 09:06:02
587,深度服务于中国企业数字化转型的科技,钉钉,,mp.weixin.qq.com/文章,,2026-03-05 09:06:02
588,已签约理想汽车,飞书,,新闻摘要/sogou,,2026-03-05 09:06:22
589,余家公司,飞书,,新闻摘要/sogou,,2026-03-05 09:06:22
591,飞书与银泰集团,飞书,,新闻摘要/sogou,,2026-03-05 09:06:22
593,中国软件公司,飞书,,新闻摘要/sogou,,2026-03-05 09:08:20
594,到底喜欢投什么样的公司,飞书,,新闻摘要/sogou,,2026-03-05 09:08:20
595,亚朵集团,飞书,,新闻摘要/sogou,,2026-03-05 09:09:56
596,亚马逊云科技,飞书,,新闻摘要/sogou,,2026-03-05 09:11:54
597,开发公司,飞书,,新闻摘要/sogou,,2026-03-05 09:13:47
598,适合什么类型的公司,飞书,,新闻摘要/sogou,,2026-03-05 09:13:47
599,盘点飞书新签约客户制造,飞书,,新闻摘要/sogou,,2026-03-05 09:15:57
600,润芯微科技,飞书,,新闻摘要/sogou,,2026-03-05 09:15:57
601,新疆汇嘉时代携手飞书开启数字科技,飞书,,新闻摘要/sogou,,2026-03-05 09:15:57
602,半年内飞书已收获理想汽车,飞书,,新闻摘要/sogou,,2026-03-05 09:15:57
603,在飞书后台实现电子,飞书,,新闻摘要/sogou,,2026-03-05 09:15:57
604,第一波看到了这些优秀产品实践的公司,飞书,,mp.weixin.qq.com/文章,,2026-03-05 09:17:42
605,是不是拿到了行业头部公司,飞书,,mp.weixin.qq.com/文章,,2026-03-05 09:17:42
606,我把整个公司,飞书,,mp.weixin.qq.com/文章,,2026-03-05 09:17:42
607,互联网科技,飞书,,mp.weixin.qq.com/文章,,2026-03-05 09:17:42
608,有的是互联网,飞书,,mp.weixin.qq.com/文章,,2026-03-05 09:17:42
609,只是说对于一个比较大型的公司,飞书,,mp.weixin.qq.com/文章,,2026-03-05 09:17:42
610,但是从公司,飞书,,mp.weixin.qq.com/文章,,2026-03-05 09:17:42
611,好像没有什么公司,飞书,,mp.weixin.qq.com/文章,,2026-03-05 09:17:42
612,并且能让整个公司,飞书,,mp.weixin.qq.com/文章,,2026-03-05 09:17:42
613,只是说到了一个大型公司,飞书,,mp.weixin.qq.com/文章,,2026-03-05 09:17:42
614,节跳动是它这些实践来源的第一家公司,飞书,,mp.weixin.qq.com/文章,,2026-03-05 09:17:42
615,我们未来还会有更多的公司,飞书,,mp.weixin.qq.com/文章,,2026-03-05 09:17:42
616,我们现在跟理想汽车,飞书,,mp.weixin.qq.com/文章,,2026-03-05 09:17:42
617,我们根据承载最佳实践公司,飞书,,mp.weixin.qq.com/文章,,2026-03-05 09:17:42
618,往后再实现公司,飞书,,mp.weixin.qq.com/文章,,2026-03-05 09:17:42
619,未来会有越来越多的公司,飞书,,mp.weixin.qq.com/文章,,2026-03-05 09:17:42
620,如果字节跳动要承接很多优秀公司,飞书,,mp.weixin.qq.com/文章,,2026-03-05 09:17:42
621,你谈到说优秀公司,飞书,,mp.weixin.qq.com/文章,,2026-03-05 09:17:42
622,如果我们去看世界上这些公司,飞书,,mp.weixin.qq.com/文章,,2026-03-05 09:17:42
623,他们很多公司,飞书,,mp.weixin.qq.com/文章,,2026-03-05 09:17:42
624,最后发现是非常少个位数数量的公司,飞书,,mp.weixin.qq.com/文章,,2026-03-05 09:17:42
625,世界上的公司,飞书,,mp.weixin.qq.com/文章,,2026-03-05 09:17:42
626,并且在公司,飞书,,mp.weixin.qq.com/文章,,2026-03-05 09:17:42
627,这些优秀公司,飞书,,mp.weixin.qq.com/文章,,2026-03-05 09:17:42
628,家知道字节跳动是一个很有特点的公司,飞书,,mp.weixin.qq.com/文章,,2026-03-05 09:17:42
629,大家觉得什么公司,飞书,,mp.weixin.qq.com/文章,,2026-03-05 09:17:42
630,好像什么公司,飞书,,mp.weixin.qq.com/文章,,2026-03-05 09:17:42
631,经常跟我说能不能组织我们公司,飞书,,mp.weixin.qq.com/文章,,2026-03-05 09:17:42
632,我们不认为照搬到其他公司,飞书,,mp.weixin.qq.com/文章,,2026-03-05 09:17:42
633,是否在一个传统大公司,飞书,,mp.weixin.qq.com/文章,,2026-03-05 09:17:42
634,的实践和我们公司,飞书,,mp.weixin.qq.com/文章,,2026-03-05 09:17:42
635,才让字节跳动这家公司,飞书,,mp.weixin.qq.com/文章,,2026-03-05 09:17:42
636,本质上不是借助这家公司,飞书,,mp.weixin.qq.com/文章,,2026-03-05 09:17:42
637,其实传统的安全和信息,飞书,,mp.weixin.qq.com/文章,,2026-03-05 09:17:42
638,所以应该有新一代的信息,飞书,,mp.weixin.qq.com/文章,,2026-03-05 09:17:42
639,很多时候我们不是坐在公司,飞书,,mp.weixin.qq.com/文章,,2026-03-05 09:17:42
640,字节跳动是一个全球化非常成功的公司,飞书,,mp.weixin.qq.com/文章,,2026-03-05 09:17:42
874,聚焦两会丨制造,企业微信,,mp.weixin.qq.com/文章提取,,2026-03-05 09:59:48
881,科技有限公司,企业微信,,"搜索引擎/sogou/""企业微信"" 签约",,2026-03-05 10:00:09
882,信息技术有限公司,企业微信,,"搜索引擎/sogou/""企业微信"" 签约",,2026-03-05 10:00:09
919,客户简介某药房连锁集团,钉钉,,"搜索引擎/sogou/""钉钉"" 客户案例",,2026-03-05 10:01:45
927,很多公司,钉钉,,"搜索引擎/sogou/""钉钉"" 定制版",,2026-03-05 10:02:36
928,把公司附近的基站信息,钉钉,,"搜索引擎/sogou/""钉钉"" 定制版",,2026-03-05 10:02:36
929,或宽带相关信息,钉钉,,"搜索引擎/sogou/""钉钉"" 定制版",,2026-03-05 10:02:36
945,钉钉客流续费订单号明细信息,钉钉,,"搜索引擎/sogou/""钉钉"" 客户列表",,2026-03-05 10:03:27
974,无需担心遗忘传递信息,钉钉,,"搜索引擎/bing/""钉钉"" 签约",,2026-03-05 10:04:02
1001,泡芙传媒,飞书,,"搜索引擎/sogou/""飞书"" 合作案例",,2026-03-05 10:06:04
1002,打造传媒,飞书,,"搜索引擎/sogou/""飞书"" 合作案例",,2026-03-05 10:06:04
1008,快递快运物流,飞书,,mp.weixin.qq.com/文章提取,,2026-03-05 10:06:09
1009,百万快递快运物流,飞书,,mp.weixin.qq.com/文章提取,,2026-03-05 10:06:09
1010,国内头部物流,飞书,,mp.weixin.qq.com/文章提取,,2026-03-05 10:06:09
1011,加速推进全集团,飞书,,mp.weixin.qq.com/文章提取,,2026-03-05 10:06:09
1012,以及线上线下的信息,飞书,,mp.weixin.qq.com/文章提取,,2026-03-05 10:06:09
1013,沟通群都存在信息,飞书,,mp.weixin.qq.com/文章提取,,2026-03-05 10:06:09
1014,中国会取代美国成第一汽车,飞书,,mp.weixin.qq.com/文章提取,,2026-03-05 10:06:09
1015,福特等汽车,飞书,,mp.weixin.qq.com/文章提取,,2026-03-05 10:06:09
1016,正加投亚洲港口物流,飞书,,mp.weixin.qq.com/文章提取,,2026-03-05 10:06:09
1115,是湖北省政府,钉钉,政务,政务搜索/bing,为湖北省政务,2026-03-05 10:10:23
1116,以下是对鄂汇办,钉钉,政务,政务搜索/bing,为湖北省政务,2026-03-05 10:10:23
1117,府打造的网上办,钉钉,政务,政务搜索/bing,为湖北省政务,2026-03-05 10:10:23
1118,为湖北省政务,钉钉,政务,政务搜索/bing,为湖北省政务,2026-03-05 10:10:23
1120,下是对鄂汇办,钉钉,政务,政务搜索/bing,下是对鄂汇办,2026-03-05 10:10:23
1121,如果鄂汇办,钉钉,政务,政务搜索/bing,湖北公安政务,2026-03-05 10:10:23
1122,湖北公安政务,钉钉,政务,政务搜索/bing,湖北公安政务,2026-03-05 10:10:23
1123,调档函在鄂汇办,钉钉,政务,政务搜索/bing,鄂汇办,2026-03-05 10:10:23
1124,否开通了网上办,钉钉,政务,政务搜索/bing,鄂汇办,2026-03-05 10:10:23
1125,登录鄂汇办,钉钉,政务,政务搜索/bing,鄂汇办,2026-03-05 10:10:23
1126,打开鄂汇办,钉钉,政务,政务搜索/bing,鄂汇办,2026-03-05 10:10:23
1127,档函在鄂汇办,钉钉,政务,政务搜索/bing,档函在鄂汇办,2026-03-05 10:10:23
1128,使用鄂汇办,钉钉,政务,政务搜索/bing,鄂汇办,2026-03-05 10:10:23
1129,想知道怎么办,钉钉,政务,政务搜索/bing,鄂汇办,2026-03-05 10:10:23
1130,家带来了鄂汇办,钉钉,政务,政务搜索/bing,鄂汇办,2026-03-05 10:10:23
1131,带来了鄂汇办,钉钉,政务,政务搜索/bing,带来了鄂汇办,2026-03-05 10:10:23
1132,小程序及鄂汇办,钉钉,政务,政务搜索/bing,湖北政务,2026-03-05 10:10:23
1134,息在湖北政务,钉钉,政务,政务搜索/bing,息在湖北政务,2026-03-05 10:10:23
1135,通过湖北政务,钉钉,政务,政务搜索/bing,通过湖北政务,2026-03-05 10:10:23
1136,程序及鄂汇办,钉钉,政务,政务搜索/bing,程序及鄂汇办,2026-03-05 10:10:23
1137,们就知道鄂汇办,钉钉,政务,政务搜索/bing,鄂汇办,2026-03-05 10:10:23
1138,就知道鄂汇办,钉钉,政务,政务搜索/bing,就知道鄂汇办,2026-03-05 10:10:23
1139,居民参保登记办,钉钉,政务,政务搜索/bing,鄂汇办,2026-03-05 10:10:23
1140,选择需要办,钉钉,政务,政务搜索/bing,鄂汇办,2026-03-05 10:10:23
1186,将按照省自然资源厅和省大数据管理局,钉钉,政务,mp.weixin.qq.com/政务页面,豫政通,2026-03-05 10:12:02
1187,浏览河南省测绘地理信息技术中心,钉钉,政务,mp.weixin.qq.com/政务页面,豫政通,2026-03-05 10:12:02
1188,河南省测绘地理信息局信息中心,钉钉,政务,mp.weixin.qq.com/政务页面,豫政通,2026-03-05 10:12:02
1189,定期召开联合办,钉钉,政务,mp.weixin.qq.com/政务页面,豫政通,2026-03-05 10:12:02
1190,测绘地理信息局,钉钉,政务,mp.weixin.qq.com/政务页面,豫政通,2026-03-05 10:12:02
1191,为政务,钉钉,政务,mp.weixin.qq.com/政务页面,为政务,2026-03-05 10:12:02
1218,福建省闽政通,钉钉,政务,政务搜索/sogou,福建省闽政通,2026-03-05 10:12:50
1230,淮南市人民政府,钉钉,政务,政务搜索/bing,安徽政务,2026-03-05 10:13:27
1231,淮南市数据资源管理局,钉钉,政务,政务搜索/bing,安徽政务,2026-03-05 10:13:27
1232,淮南市政务服务管理局,钉钉,政务,政务搜索/bing,安徽政务,2026-03-05 10:13:27
1233,南市人民政府办,钉钉,政务,政务搜索/bing,安徽政务,2026-03-05 10:13:27
1234,数据资源管理局,钉钉,政务,政务搜索/bing,安徽政务,2026-03-05 10:13:27
1235,政务服务管理局,钉钉,政务,政务搜索/bing,安徽政务,2026-03-05 10:13:27
1237,淮南市政务,钉钉,政务,政务搜索/bing,淮南市政务,2026-03-05 10:13:27
1238,安全资格证书办,钉钉,政务,政务搜索/bing,,2026-03-05 10:13:27
1245,跨省通办,钉钉,政务,hn.ahzwfw.gov.cn/政务页面,安徽政务,2026-03-05 10:13:40
1246,长三角一网通办,钉钉,政务,hn.ahzwfw.gov.cn/政务页面,安徽政务,2026-03-05 10:13:40
1247,全程网办,钉钉,政务,hn.ahzwfw.gov.cn/政务页面,安徽政务,2026-03-05 10:13:40
1248,聚焦群众办,钉钉,政务,hn.ahzwfw.gov.cn/政务页面,安徽政务,2026-03-05 10:13:40
1249,在线帮办,钉钉,政务,hn.ahzwfw.gov.cn/政务页面,安徽政务,2026-03-05 10:13:40
1250,授权代办,钉钉,政务,hn.ahzwfw.gov.cn/政务页面,安徽政务,2026-03-05 10:13:40
1251,为企业办,钉钉,政务,hn.ahzwfw.gov.cn/政务页面,安徽政务,2026-03-05 10:13:40
1252,业提供视频导办,钉钉,政务,hn.ahzwfw.gov.cn/政务页面,安徽政务,2026-03-05 10:13:40
1253,企业开办,钉钉,政务,hn.ahzwfw.gov.cn/政务页面,安徽政务,2026-03-05 10:13:40
1254,你问我办,钉钉,政务,hn.ahzwfw.gov.cn/政务页面,安徽政务,2026-03-05 10:13:40
1255,一网通办,钉钉,政务,hn.ahzwfw.gov.cn/政务页面,安徽政务,2026-03-05 10:13:40
1256,多元赋能破局,钉钉,政务,hn.ahzwfw.gov.cn/政务页面,安徽政务,2026-03-05 10:13:40
1257,国家政务,钉钉,政务,hn.ahzwfw.gov.cn/政务页面,国家政务,2026-03-05 10:13:40
1258,推动政务,钉钉,政务,hn.ahzwfw.gov.cn/政务页面,推动政务,2026-03-05 10:13:40
1259,小时政务,钉钉,政务,hn.ahzwfw.gov.cn/政务页面,小时政务,2026-03-05 10:13:40
1260,国家政务平台,钉钉,政务,hn.ahzwfw.gov.cn/政务页面,国家政务平台,2026-03-05 10:13:40
1281,当涂县人民政府,企业微信,政务,www.sogou.com/政务页面,信在数字政务,2026-03-05 10:14:14
1300,科技智能远程办,飞书,政务,政务搜索/sogou,,2026-03-05 10:14:32
1301,南开大学医保办,飞书,政务,mp.weixin.qq.com/政务页面,,2026-03-05 10:15:17
1325,松原宁江区政府,钉钉,政务,政务搜索/sogou,,2026-03-05 10:17:38
1326,常德市政府,钉钉,政务,政务搜索/sogou,,2026-03-05 10:17:38
1344,对外信息,企业微信,,新闻摘要/sogou,,2026-03-05 10:29:58
1382,飞书与伊芙丽集团,飞书,,新闻摘要/sogou,,2026-03-05 10:55:16
1383,圣象集团,飞书,,新闻摘要/sogou,,2026-03-05 10:55:16
